# Hypothetical (simulated) population density, for fitting logistic growth model
# time(years)	population_density(1/km^2)
0	10.6769
1.05263	23.3536
2.10526	0
3.15789	68.1673
4.21053	53.9519
5.26316	162.663
6.31579	243.63
7.36842	182.794
8.42105	411.024
9.47368	474.188
10.5263	630.727
11.5789	875.294
12.6316	1021.4
13.6842	796.143
14.7368	727.255
15.7895	1045.4
16.8421	1078.34
17.8947	830.306
18.9474	1058.82
20	1005.15

